[{"model": "portfolio.tecnologia", "pk": 1, "fields": {"nome": "Kotlin", "logo": "", "descricao": "Descrição por preencher."}}, {"model": "portfolio.tecnologia", "pk": 2, "fields": {"nome": "IntelliJ", "logo": "", "descricao": "Descrição por preencher."}}, {"model": "portfolio.tecnologia", "pk": 3, "fields": {"nome": "Moodle", "logo": "", "descricao": "Descrição por preencher."}}, {"model": "portfolio.tecnologia", "pk": 4, "fields": {"nome": "Multisim, software de simulação de circuitos eletrónicos e análise SPICE (Simulation Program with Integrated Circuit Emphasis)", "logo": "", "descricao": "Descrição por preencher."}}, {"model": "portfolio.tecnologia", "pk": 5, "fields": {"nome": "Java", "logo": "", "descricao": "Descrição por preencher."}}, {"model": "portfolio.tecnologia", "pk": 6, "fields": {"nome": "ntelliJ", "logo": "", "descricao": "Descrição por preencher."}}, {"model": "portfolio.tecnologia", "pk": 7, "fields": {"nome": "JUnit", "logo": "", "descricao": "Descrição por preencher."}}, {"model": "portfolio.tecnologia", "pk": 8, "fields": {"nome": "ChatGPT", "logo": "", "descricao": "Descrição por preencher."}}, {"model": "portfolio.tecnologia", "pk": 9, "fields": {"nome": "Diversas. Ficou ao critério dos alunos a definição dos pressupostos técnicos, não havendo limitações", "logo": "", "descricao": "Descrição por preencher."}}, {"model": "portfolio.tecnologia", "pk": 10, "fields": {"nome": "Java e Kotlin (os alunos misturaram as duas linguagens no projeto)", "logo": "", "descricao": "Descrição por preencher."}}, {"model": "portfolio.tecnologia", "pk": 11, "fields": {"nome": "Git/GitHub", "logo": "", "descricao": "Descrição por preencher."}}, {"model": "portfolio.tecnologia", "pk": 12, "fields": {"nome": "OpenCV", "logo": "", "descricao": "Descrição por preencher."}}, {"model": "portfolio.tecnologia", "pk": 13, "fields": {"nome": "HSV &amp; RGB (modelo de cor)", "logo": "", "descricao": "Descrição por preencher."}}, {"model": "portfolio.tecnologia", "pk": 14, "fields": {"nome": "Histogramas", "logo": "", "descricao": "Descrição por preencher."}}, {"model": "portfolio.tecnologia", "pk": 15, "fields": {"nome": "Binarização", "logo": "", "descricao": "Descrição por preencher."}}, {"model": "portfolio.tecnologia", "pk": 16, "fields": {"nome": "Funções de recorte e rotação de imagens", "logo": "", "descricao": "Descrição por preencher."}}, {"model": "portfolio.tecnologia", "pk": 17, "fields": {"nome": "Interface gráfica (GUI) para manipulação de imagens", "logo": "", "descricao": "Descrição por preencher."}}, {"model": "portfolio.tecnologia", "pk": 18, "fields": {"nome": "C", "logo": "", "descricao": "Descrição por preencher."}}, {"model": "portfolio.tecnologia", "pk": 19, "fields": {"nome": "Arduino IDE", "logo": "", "descricao": "Descrição por preencher."}}, {"model": "portfolio.tecnologia", "pk": 20, "fields": {"nome": "Thinkercad", "logo": "", "descricao": "Descrição por preencher."}}, {"model": "portfolio.tecnologia", "pk": 21, "fields": {"nome": "Simulação no Thinkercad", "logo": "", "descricao": "Descrição por preencher."}}, {"model": "portfolio.tecnologia", "pk": 22, "fields": {"nome": "Arduino Uno R3, ou outro modelo", "logo": "", "descricao": "Descrição por preencher."}}, {"model": "portfolio.tecnologia", "pk": 23, "fields": {"nome": "linguagens de programação Java e de Kotlin", "logo": "", "descricao": "Descrição por preencher."}}, {"model": "portfolio.tecnologia", "pk": 24, "fields": {"nome": "testes em JUnit 5", "logo": "", "descricao": "Descrição por preencher."}}, {"model": "portfolio.tecnologia", "pk": 25, "fields": {"nome": "criação de um repositório Git no GitHub", "logo": "", "descricao": "Descrição por preencher."}}, {"model": "portfolio.tecnologia", "pk": 26, "fields": {"nome": "Oracle Data Modeler", "logo": "", "descricao": "Descrição por preencher."}}, {"model": "portfolio.tecnologia", "pk": 27, "fields": {"nome": "Pentaho Data Integration", "logo": "", "descricao": "Descrição por preencher."}}, {"model": "portfolio.tecnologia", "pk": 28, "fields": {"nome": "Power BI Desktop", "logo": "", "descricao": "Descrição por preencher."}}, {"model": "portfolio.tecnologia", "pk": 29, "fields": {"nome": "Python , Django, Selenium", "logo": "", "descricao": "Descrição por preencher."}}, {"model": "portfolio.tecnologia", "pk": 30, "fields": {"nome": "MySQL", "logo": "", "descricao": "Descrição por preencher."}}, {"model": "portfolio.tecnologia", "pk": 31, "fields": {"nome": "HTML, CSS, JavaScript", "logo": "", "descricao": "Descrição por preencher."}}, {"model": "portfolio.tecnologia", "pk": 32, "fields": {"nome": "GitHub e PythonAnywhere", "logo": "", "descricao": "Descrição por preencher."}}, {"model": "portfolio.tecnologia", "pk": 33, "fields": {"nome": "Cisco Packet Tracer", "logo": "", "descricao": "Descrição por preencher."}}, {"model": "portfolio.tecnologia", "pk": 34, "fields": {"nome": "HTML, CSS, JavaScript, Bootstrap", "logo": "", "descricao": "Descrição por preencher."}}, {"model": "portfolio.tecnologia", "pk": 35, "fields": {"nome": "PowerBI", "logo": "", "descricao": "Descrição por preencher."}}, {"model": "portfolio.tecnologia", "pk": 36, "fields": {"nome": "Eclipse IDE/IntelliJ IDEA", "logo": "", "descricao": "Descrição por preencher."}}, {"model": "portfolio.tecnologia", "pk": 37, "fields": {"nome": "Maven", "logo": "", "descricao": "Descrição por preencher."}}, {"model": "portfolio.tecnologia", "pk": 38, "fields": {"nome": "Java RMI", "logo": "", "descricao": "Descrição por preencher."}}, {"model": "portfolio.tecnologia", "pk": 39, "fields": {"nome": "Apache Tomcat", "logo": "", "descricao": "Descrição por preencher."}}, {"model": "portfolio.tecnologia", "pk": 40, "fields": {"nome": "GitHub", "logo": "", "descricao": "Descrição por preencher."}}, {"model": "portfolio.tecnologia", "pk": 41, "fields": {"nome": "PostgreSQL (opção do grupo)", "logo": "", "descricao": "Descrição por preencher."}}, {"model": "portfolio.tecnologia", "pk": 42, "fields": {"nome": "JavaFX (opção do grupo)", "logo": "", "descricao": "Descrição por preencher."}}, {"model": "portfolio.tecnologia", "pk": 43, "fields": {"nome": "Android Studio", "logo": "", "descricao": "Descrição por preencher."}}, {"model": "portfolio.tecnologia", "pk": 44, "fields": {"nome": "Python e Django, com módulos matplotlib, seaborn, numpy, pandas", "logo": "", "descricao": "Descrição por preencher."}}, {"model": "portfolio.tecnologia", "pk": 45, "fields": {"nome": "base de dados MySQL", "logo": "", "descricao": "Descrição por preencher."}}, {"model": "portfolio.tecnologia", "pk": 46, "fields": {"nome": "Cloud Platform as a Service (PaaS) PythonAnywhere", "logo": "", "descricao": "Descrição por preencher."}}, {"model": "portfolio.tecnologia", "pk": 47, "fields": {"nome": "Repositório GitHub", "logo": "", "descricao": "Descrição por preencher."}}, {"model": "portfolio.tecnologia", "pk": 48, "fields": {"nome": "Python, matplotlib", "logo": "", "descricao": "Descrição por preencher."}}, {"model": "portfolio.tecnologia", "pk": 49, "fields": {"nome": "SQL / MySQL", "logo": "", "descricao": "Descrição por preencher."}}, {"model": "portfolio.tecnologia", "pk": 50, "fields": {"nome": "Python, Pandas", "logo": "", "descricao": "Descrição por preencher."}}, {"model": "portfolio.disciplina", "pk": 1, "fields": {"nome": "Fundamentos de Física", "ano": 1, "semestre": "1º semestre", "docentes": "Por preencher", "link_moodle": "https://example.com/moodle", "link_ulusofona": "https://example.com/ulusofona"}}, {"model": "portfolio.disciplina", "pk": 2, "fields": {"nome": "Fundamentos de Programação", "ano": 1, "semestre": "1º semestre", "docentes": "Por preencher", "link_moodle": "https://example.com/moodle", "link_ulusofona": "https://example.com/ulusofona"}}, {"model": "portfolio.disciplina", "pk": 3, "fields": {"nome": "Teoria e Prática de Marketing", "ano": 1, "semestre": "1º semestre", "docentes": "Por preencher", "link_moodle": "https://example.com/moodle", "link_ulusofona": "https://example.com/ulusofona"}}, {"model": "portfolio.disciplina", "pk": 4, "fields": {"nome": "Fundamentos de Electrónica", "ano": 1, "semestre": "2º semestre", "docentes": "Por preencher", "link_moodle": "https://example.com/moodle", "link_ulusofona": "https://example.com/ulusofona"}}, {"model": "portfolio.disciplina", "pk": 5, "fields": {"nome": "Algoritmia e Estruturas de Dados", "ano": 1, "semestre": "2º semestre", "docentes": "Por preencher", "link_moodle": "https://example.com/moodle", "link_ulusofona": "https://example.com/ulusofona"}}, {"model": "portfolio.disciplina", "pk": 6, "fields": {"nome": "Competências Comportamentais", "ano": 1, "semestre": "2º semestre", "docentes": "Por preencher", "link_moodle": "https://example.com/moodle", "link_ulusofona": "https://example.com/ulusofona"}}, {"model": "portfolio.disciplina", "pk": 7, "fields": {"nome": "Linguagens de Programação II", "ano": 2, "semestre": "1º semestre", "docentes": "Por preencher", "link_moodle": "https://example.com/moodle", "link_ulusofona": "https://example.com/ulusofona"}}, {"model": "portfolio.disciplina", "pk": 8, "fields": {"nome": "Processamento de Imagem", "ano": 2, "semestre": "1º semestre", "docentes": "Por preencher", "link_moodle": "https://example.com/moodle", "link_ulusofona": "https://example.com/ulusofona"}}, {"model": "portfolio.disciplina", "pk": 9, "fields": {"nome": "Arquitetura Avançada de Computadores", "ano": 2, "semestre": "1º semestre", "docentes": "Por preencher", "link_moodle": "https://example.com/moodle", "link_ulusofona": "https://example.com/ulusofona"}}, {"model": "portfolio.disciplina", "pk": 10, "fields": {"nome": "Sistemas de Suporte à Decisão", "ano": 2, "semestre": "2º semestre", "docentes": "Por preencher", "link_moodle": "https://example.com/moodle", "link_ulusofona": "https://example.com/ulusofona"}}, {"model": "portfolio.disciplina", "pk": 11, "fields": {"nome": "Programação Web", "ano": 2, "semestre": "2º semestre", "docentes": "Por preencher", "link_moodle": "https://example.com/moodle", "link_ulusofona": "https://example.com/ulusofona"}}, {"model": "portfolio.disciplina", "pk": 12, "fields": {"nome": "Redes de Computadores", "ano": 2, "semestre": "2º semestre", "docentes": "Por preencher", "link_moodle": "https://example.com/moodle", "link_ulusofona": "https://example.com/ulusofona"}}, {"model": "portfolio.disciplina", "pk": 13, "fields": {"nome": "Computação Distribuída", "ano": 3, "semestre": "1º semestre", "docentes": "Por preencher", "link_moodle": "https://example.com/moodle", "link_ulusofona": "https://example.com/ulusofona"}}, {"model": "portfolio.disciplina", "pk": 14, "fields": {"nome": "Computação Móvel", "ano": 3, "semestre": "2º semestre", "docentes": "Por preencher", "link_moodle": "https://example.com/moodle", "link_ulusofona": "https://example.com/ulusofona"}}, {"model": "portfolio.disciplina", "pk": 15, "fields": {"nome": "Redes de Comunicações sem Fios", "ano": 3, "semestre": "2º semestre", "docentes": "Por preencher", "link_moodle": "https://example.com/moodle", "link_ulusofona": "https://example.com/ulusofona"}}, {"model": "portfolio.disciplina", "pk": 16, "fields": {"nome": "Programação Aplicada para Ciência de Dados", "ano": 1, "semestre": "1º semestre", "docentes": "Por preencher", "link_moodle": "https://example.com/moodle", "link_ulusofona": "https://example.com/ulusofona"}}, {"model": "portfolio.disciplina", "pk": 17, "fields": {"nome": "Tópicos em Engenharia de Dados para Ciência de Dados", "ano": 1, "semestre": "2º semestre", "docentes": "Por preencher", "link_moodle": "https://example.com/moodle", "link_ulusofona": "https://example.com/ulusofona"}}, {"model": "portfolio.projeto", "pk": 1, "fields": {"titulo": "Lançamento do Projétil", "descricao": "O programa pede a altura, a velocidade inicial e o ângulo. Temos o output de um gráfico do trajeto do projétil consoante os inputs inseridos Podemos repetir o programa o quanto desejarmos.", "github_link": null, "video_demo_link": "https://www.youtube.com/embed/1fk8l_IUJxM?si=byDK8EHDIOcvCn37&controls=0", "conceitos_aplicados": "Referencial, posição e trajetória.\nMovimento no espaço. Projéteis\nProgramação em Kotlin: leitura do teclado, escrita no ecrã.", "disciplina": 1, "tecnologias": [1]}}, {"model": "portfolio.projeto", "pk": 2, "fields": {"titulo": "Jogo das Tendas", "descricao": "Desenvolver uma grelha 2D que simule o terreno do jogo, com árvores distribuídas aleatoriamente. Permitir que o jogador coloque tendas junto às árvores, assegurando que cada tenda esteja ligada apenas a uma árvore. Implementar regras para assegurar que as tendas não se toquem, nem mesmo na diagonal, e criar uma interface de linha de comando para a interação do jogador com o jogo.", "github_link": null, "video_demo_link": null, "conceitos_aplicados": "Programação em Kotlin: ciclos, funções, arrays, arrays2D, leitura do teclado, escrita no ecrã.", "disciplina": 2, "tecnologias": [1, 2]}}, {"model": "portfolio.projeto", "pk": 3, "fields": {"titulo": "Fórum no Moodle – discussão & partilha", "descricao": "Implementação e dinamização do módulo de fórum no Moodle para facilitar a discussão e partilha de conhecimentos relacionados com a unidade curricular. O projeto visa a interatividade dos estudantes através da criação, comentário e partilha de tópicos de discussão sobre Marketing e áreas conexas, utilizando o Moodle como plataforma de ensino à distância.", "github_link": null, "video_demo_link": null, "conceitos_aplicados": "Pesquisa de informação e identificação de tendências\nAbordagem a novas tecnologias usadas no Marketing\nRelevância da Inteligência Artificial no Marketing Digital", "disciplina": 3, "tecnologias": [3]}}, {"model": "portfolio.projeto", "pk": 4, "fields": {"titulo": "Batalha Naval", "descricao": "Desenvolver uma grelha 2D que simule a arena do jogo, com navios e marcadores de jogadas anteriores. Criar uma interface de linha de comando para a interação do jogador com o jogo.", "github_link": null, "video_demo_link": "https://www.youtube.com/embed/CYT0lOyQrro?si=Znra14kfXJoGq7PK&controls=0", "conceitos_aplicados": "Programação em Kotlin: ciclos, funções, arrays, arrays2D, leitura do teclado, escrita no ecrã.", "disciplina": 2, "tecnologias": [1, 2]}}, {"model": "portfolio.projeto", "pk": 5, "fields": {"titulo": "Transmissão AM e FM", "descricao": "Estudo e implementação de esquemas de transmissão AM e FM Aplicação dos conceitos de análise de componentes e de teoria de circuitos.", "github_link": null, "video_demo_link": "https://www.youtube.com/embed/-VA9xwwORqo?si=Yn31AGAXXXgeSI58&controls=0", "conceitos_aplicados": "Tópicos de análise de teoria de circuitos.", "disciplina": 4, "tecnologias": [4]}}, {"model": "portfolio.projeto", "pk": 6, "fields": {"titulo": "Rock in DEISI", "descricao": "Desenvolver uma aplicação de linhas de comando em Java que permite realizar queries relativamente sofisticadas sobre uma base de dados real contendo informações sobre músicas e artistas dos últimos 100 anos, obtidas de repositórios públicos. A base de dados é representada em ficheiros CSV e os alunos devem implementar estruturas de dados em memória para responder às queries eficientemente.", "github_link": null, "video_demo_link": null, "conceitos_aplicados": "Algoritmos de ordenação e pesquisa\nEstruturas de dados otimizadas para pesquisa como árvores e hashtables\nDeteção de bottlenecks\nUtilização de otimizações não-algorítmicas como buffering", "disciplina": 5, "tecnologias": [5, 6, 7, 8]}}, {"model": "portfolio.projeto", "pk": 7, "fields": {"titulo": "IT in competences development", "descricao": "Desenvolvimento de competências via projetos tecnológicos (apps, jogos, websites), incluindo análise de mercado e estratégias de monetização. Apresentação de 10 minutos para captação de investimento, seguida de avaliação pelos pares.", "github_link": null, "video_demo_link": null, "conceitos_aplicados": "Critical Thinking, apresentações públicas, personal marketing e desenvolvimento de competências.", "disciplina": 6, "tecnologias": [9]}}, {"model": "portfolio.projeto", "pk": 8, "fields": {"titulo": "DEISI Jungle", "descricao": "Desenvolver em Java uma aplicação gráfica (desktop) para um jogo de tabuleiro com animais, que envolve estratégia e movimentação baseada em características animais e alimentares O jogo suporta até 4 jogadores, cada um iniciando com um animal diferente, e inclui elementos como alimentação e energia, influenciando a dinâmica do jogo.", "github_link": null, "video_demo_link": null, "conceitos_aplicados": "Utilização correta de conceitos de programação orientada a objetos como encapsulamento, herança e polimorfismo.\nBoas práticas de código e design de software, com expectativa de mais de 3000 linhas de código.\nPlaneamento com UML antes da codificação e uso intensivo de testes unitários em JUnit para garantir qualidade.", "disciplina": 7, "tecnologias": [2, 7, 10, 11]}}, {"model": "portfolio.projeto", "pk": 9, "fields": {"titulo": "Deteção e Reconhecimento de Jogos de Xadrez", "descricao": "O desafio proposto visa aplicar os conhecimentos adquiridos em contexto de aula a fim de reconhecer tabuleiros de xadrez e as peças que neles constam. A identificação das peças é feita através de uma comparação com recurso a vários tipos de imagens fornecidas pelos docentes. Pretende-se também que sejam combinadas as funções em métodos únicos disponíveis ao utilizador de forma acessível através de uma interface onde são mostradas as imagens bem como a informação resultante das funcionalidades pretendidas.", "github_link": null, "video_demo_link": null, "conceitos_aplicados": "Processamento de imagens\nConversão de RGB para HSV (Hue, Saturation, Value)\nDeteção e reconhecimento de padrões\nFiltros de processamento de imagem (Negativo, Média,…)\nRotação de imagens e correção de ângulos\nComparação pixel a pixel de imagens\nTratamento de ruído (remoção de lixo)\nAjuste de brilho e contraste\nAlgoritmos de erosão e dilatação", "disciplina": 8, "tecnologias": [12, 13, 14, 15, 16, 17]}}, {"model": "portfolio.projeto", "pk": 10, "fields": {"titulo": "Casa Inteligente", "descricao": "No âmbito da disciplina de arquitetura avançada de computadores decidimos como projeto final criar uma casa inteligente. O objetivo principal era criar um casa para um dia a dia mais pratico e facil. Na nossa casa contamos com um sistema de segurança com fechadura com um código e um sistema de alarme por movimento. Iluminação interior e exterior com sensores para uma eficiência energética melhor. Um sistema de ar condicionado com um display que disponibiliza a temperatura ambiente da casa bem como o estado de funcionamento do ar condicionado. Contamos tambem com uma persiana automática e uma campainha.", "github_link": null, "video_demo_link": "https://www.youtube.com/embed/e7tn1MmF61o?si=01byHtJslF8TIDND&controls=0", "conceitos_aplicados": "Arduino\nProgramação em C", "disciplina": 9, "tecnologias": [18, 19, 20]}}, {"model": "portfolio.projeto", "pk": 11, "fields": {"titulo": "Controlo e Gestão de Ginásio", "descricao": "Criação de um sistema automatizado com arduinos Há liberdade de escolha do propósito do projeto", "github_link": null, "video_demo_link": "https://www.youtube.com/embed/Qi2JtxXrrzc?si=ziH2zIKeJTcbcubY&controls=0", "conceitos_aplicados": "Montagem de circuitos eletrónicos com múltiplos sensores\nProgramação em C++", "disciplina": 9, "tecnologias": [19, 21, 22]}}, {"model": "portfolio.projeto", "pk": 12, "fields": {"titulo": "DEISI Chess", "descricao": "Criação um jogo de Xadrez! Na primeira parte deste projeto os alunos são desafiados a criar a lógica por trás deste jogo, sendo que vão começar apenas a jogar com Reis. Na segunda parte vão ser incorporadas as outras peças de maneira a completar este jogo.", "github_link": null, "video_demo_link": "https://www.youtube.com/embed/_DoKjzZGHXQ?si=3LfQrJZFZlXuWHbO&controls=0", "conceitos_aplicados": "diagramas UML\nprogramação orientada a objetos de acordo com o teorema do encapsulamento", "disciplina": 7, "tecnologias": [23, 24, 25]}}, {"model": "portfolio.projeto", "pk": 13, "fields": {"titulo": "Modelação, ETL e Reporting", "descricao": "Modelação de uma base de dados relacional transformando-a em um modelo dimensional (estrela) usando o Oracle Data Modeler Implementação de processos ETL para transferência e transformação de dados para um Datawarehouse com o Pentaho Data Integration Criação de relatórios e dashboards analíticos com visualizações interativas utilizando o Power BI Desktop, para facilitar a tomada de decisão baseada em dados", "github_link": null, "video_demo_link": null, "conceitos_aplicados": "Modelação Dimensional – o modelo em Estrela\nExtração, transformação e carregamento de dados para um Datawarehouse\nAnálise de dados – Ferramentas de Reporting", "disciplina": 10, "tecnologias": [26, 27, 28]}}, {"model": "portfolio.projeto", "pk": 14, "fields": {"titulo": "Portfolio", "descricao": "Criação de aplicação Web com um portfolio. Segue o modelo Model-View-Control. Integra modelação e implementação de uma base de dados, desenvolvimento de toda a lógica de negócio, e criação de interfaces Web. Criação de uma aplicações sobre o curso (com informação das disciplinas e seus conteudos), projetos realizados Criação de um blog, que permite comentários e ratings Interligação com APIs", "github_link": null, "video_demo_link": null, "conceitos_aplicados": "Model-view-control\nFramework de desenvolvimento web django, para backend e frontend\nModelação de bases de dados\nCriação de interfaces Web\nDesenvolvimento de APIs, web scraping e automação\nUtilização de uma Platform as a Service (PaaS)", "disciplina": 11, "tecnologias": [29, 30, 31, 32]}}, {"model": "portfolio.projeto", "pk": 15, "fields": {"titulo": "Rede Nacional da BetaLda", "descricao": "O principal objetivo deste projeto é projetar e implementar uma rede de computadores eficiente e segura para a empresa Beta Lda., que possui sede em Lisboa e filiais em várias cidades portuguesas, nomeadamente Porto, Portimão, Setúbal e Coimbra.", "github_link": null, "video_demo_link": null, "conceitos_aplicados": "Configuração no Packet Tracer: Utilizar o software Cisco Packet Tracer para simular a rede, configurando os dispositivos e serviços conforme os requisitos do projeto.\nDivisão de Sub-redes e VLANs: Implementar a segmentação da rede através de sub-redes e VLANs, seguindo as regras estabelecidas para endereços IP e IDs de VLANs.\nImplementação dos Serviços de Rede: Configurar os servidores DNS, DHCP, de ficheiros e backup controlador de domínio, garantindo que todos os serviços estejam operacionais.\nConfiguração do Roteamento: Selecionar e configurar o protocolo de roteamento adequado para assegurar a comunicação eficiente entre as diferentes partes da rede.\nTestes de Conectividade: Realizar uma série de testes de conectividade para verificar a comunicação entre a sede e as filiais, bem como entre dispositivos dentro das VLANs.", "disciplina": 12, "tecnologias": [33]}}, {"model": "portfolio.projeto", "pk": 16, "fields": {"titulo": "Portfolio", "descricao": "Desenvolvimento de um portfólio que apresenta quatro aplicações distintas: uma aplicação com uma listagem de bandas e seus álbuns, uma aplicação de um jornal online, um diretório de um curso com a listagem de projetos e seus componentes relacionados, e uma aplicação de meteorologia. Cada aplicação segue o padrão Model-View-Controller (MVC), integrando modelagem de base de dados, lógica de negócios e interfaces web. O jornal também inclui recursos como comentários e avaliações, a meteorologia a integração com APIs externas para melhorar as funcionalidades da aplicação e todas as aplicações têm em comum a api de autenticação do Google.", "github_link": null, "video_demo_link": "https://www.youtube.com/embed/N-OR2MR_kVA?si=bKdqSYmoIQHIwFaC&controls=0", "conceitos_aplicados": "Model-view-control\nFramework de desenvolvimento web django, para backend e frontend\nModelação de bases de dados\nCriação de interfaces Web\nDesenvolvimento de APIs, web scraping e automação", "disciplina": 11, "tecnologias": [29, 30, 32, 34]}}, {"model": "portfolio.projeto", "pk": 17, "fields": {"titulo": "Reporting FoodMart Using PowerBI", "descricao": "Projeto feito em PowerBI, onde temos como objetivo expor informação de uma empresa de alimentação, relativamente a dados estatísticos previamente estruturados.", "github_link": null, "video_demo_link": null, "conceitos_aplicados": "Reporting Data\nPowerBI\nData Handling", "disciplina": 10, "tecnologias": [35]}}, {"model": "portfolio.projeto", "pk": 18, "fields": {"titulo": "OceanView Seats", "descricao": "Este projeto consiste no desenvolvimento de um serviço distribuído de reservas de sombrinhas e espreguiçadeiras para praias no Algarve. O sistema permite que os utilizadores realizem várias ações, como por exemplo, listagem de sombrinhas (não reservadas) de uma praia, reserva de sombrinhas e cance- lamento de reservas. O serviço permite ainda registo e autenticação de utilizadores (de forma segura) de modo a que estes consigam fazer a gestão das suas reservas. Todas as operações do serviço são disponibilizadas através de uma User Interface (UI) simples e intuitiva. A arquitetura do sistema destaca-se pela eficiência e modularidade permitindo que este seja facilmente escalável.", "github_link": null, "video_demo_link": "https://www.youtube.com/embed/Hz9h1NiECjg?si=Oh5mAQf1B8RKU676&controls=0", "conceitos_aplicados": "Arquiteturas e Modelos de Comunicação Distribuída.\nInvocação Remota e Objetos Distribuídos. Modelo de execução RPC (Remote Procedure Call).\nWeb Services (WS). Modelo de Execução Web Services (WS). Linguagens de definição de serviços (WSDL).\nREST (REpresentational State Transfer) e SOAP (Simple Object Access Protocol).\nAutenticação e controlo de acessos.\nSegurança. Modelo de segurança.\nModelo transacional. Propriedades ACID", "disciplina": 13, "tecnologias": [5, 36, 37, 38, 39, 40, 41, 42]}}, {"model": "portfolio.projeto", "pk": 19, "fields": {"titulo": "Cine Cartaz", "descricao": "Desenvolver uma aplicação móvel para Android, usando Kotlin, que permite aos utilizadores registar e avaliar filmes vistos no cinema, obter informações em tempo real através da API OMDb Inclui funcionalidades como validação geográfica, fotografia de cenas, e consulta de histórico de filmes assistidos em diferentes formatos A aplicação suporta funcionalidades offline e pesquisa de filmes por voz", "github_link": null, "video_demo_link": "https://www.youtube.com/embed/AoDQt7YvALM?si=WfsjSXT-RIrOZ5-n&controls=0", "conceitos_aplicados": "Desenvolvimento em Android Nativo\nDesign e navegação de telas, formulários\nPersistência de dados e integração com webservices\nAdaptação a diferentes configurações de dispositivos e orientações de tela", "disciplina": 14, "tecnologias": [1, 40, 43]}}, {"model": "portfolio.projeto", "pk": 20, "fields": {"titulo": "Planeamento Celular de Redes sem Fios", "descricao": "Neste projeto é desenvolvida uma aplicação Web que aborda e aplica os conceitos estudados na disciplina A aplicação integra uma apreesntação e caracterização dos principais sistemas sem fios existentes A aplicação apresenta um conjunto de funcionalidades que permitem configurar e analisar aspectos de propagação, antenas, interferencia, planeamento celular e tráfego.", "github_link": null, "video_demo_link": null, "conceitos_aplicados": "sistemas de comunicações sem fios\npropagação, antenas interferência e cobertura\nplaneamento celular\ntráfego", "disciplina": 15, "tecnologias": [44, 45, 46, 47]}}, {"model": "portfolio.projeto", "pk": 21, "fields": {"titulo": "Análise de Dados de Campanha de Marketing", "descricao": "O objetivo deste projeto é desenvolver um modelo de resposta para otimizar uma campanha de marketing, visando maximizar o lucro através do aumento das respostas ou da redução de despesas. Utilizando o conjunto de dados fornecido, que contém informações detalhadas sobre os clientes e suas interações anteriores com a empresa, a análise permitirá identificar os fatores mais influentes que levam os clientes a responder a uma oferta de produto ou serviço. Por meio da criação de gráficos e visualizações, o projeto buscará ilustrar aspectos-chave dos dados, como demografia, comportamento de compra e histórico de campanhas, fornecendo insights valiosos que ajudarão a segmentar o público-alvo e personalizar estratégias de marketing para aumentar a eficiência e o retorno sobre o investimento.", "github_link": null, "video_demo_link": null, "conceitos_aplicados": "Análise de dados\nProgramação em Python, estruturas de dados e algoritmos", "disciplina": 16, "tecnologias": [48]}}, {"model": "portfolio.projeto", "pk": 22, "fields": {"titulo": "Dados Complicados – Universidade do País Das Maravilhas", "descricao": "Projeto realizado com elevada interacção com o docente, tentando simular um ambiente real Processar conteúdo para varias fontes de dados (bases de dados, ficheiros de texto)Identificar dados estranhos ou inválidosDescobrir quais os dados para considerar com ajuda do &quot;data scientist&quot; Produzir data frames utilizando técnicas de data science", "github_link": null, "video_demo_link": null, "conceitos_aplicados": "Bases de Dados\nProgramação\nComunicação", "disciplina": 17, "tecnologias": [40, 49, 50]}}, {"model": "portfolio.projeto", "pk": 23, "fields": {"titulo": "The Night of the Living DEISI", "descricao": "Desenvolver em Java uma aplicação gráfica (desktop) para um jogo de tabuleiro com humanos,animais,zombies e vampiros, que envolve estratégia e movimentação baseada nas características de cada um dos elementos do jogo.", "github_link": "https://github.com/pedrocardoso003/Projeto-LP2", "video_demo_link": null, "conceitos_aplicados": "Utilização correta de conceitos de programação orientada a objetos como encapsulamento, herança e polimorfismo.\nBoas práticas de código e design de software, com expectativa de mais de 3000 linhas de código.\nPlaneamento com UML antes da codificação e uso intensivo de testes unitários em JUnit para garantir qualidade.", "disciplina": 17, "tecnologias": [2, 5, 7, 40]}}, {"model": "portfolio.detalhesextras", "pk": 1, "fields": {"projeto": 1, "nota_recebida": null, "comentario_docente": ""}}, {"model": "portfolio.detalhesextras", "pk": 2, "fields": {"projeto": 2, "nota_recebida": null, "comentario_docente": ""}}, {"model": "portfolio.detalhesextras", "pk": 3, "fields": {"projeto": 3, "nota_recebida": null, "comentario_docente": ""}}, {"model": "portfolio.detalhesextras", "pk": 4, "fields": {"projeto": 4, "nota_recebida": null, "comentario_docente": ""}}, {"model": "portfolio.detalhesextras", "pk": 5, "fields": {"projeto": 5, "nota_recebida": null, "comentario_docente": ""}}, {"model": "portfolio.detalhesextras", "pk": 6, "fields": {"projeto": 6, "nota_recebida": null, "comentario_docente": ""}}, {"model": "portfolio.detalhesextras", "pk": 7, "fields": {"projeto": 7, "nota_recebida": null, "comentario_docente": ""}}, {"model": "portfolio.detalhesextras", "pk": 8, "fields": {"projeto": 8, "nota_recebida": null, "comentario_docente": ""}}, {"model": "portfolio.detalhesextras", "pk": 9, "fields": {"projeto": 9, "nota_recebida": null, "comentario_docente": ""}}, {"model": "portfolio.detalhesextras", "pk": 10, "fields": {"projeto": 10, "nota_recebida": null, "comentario_docente": ""}}, {"model": "portfolio.detalhesextras", "pk": 11, "fields": {"projeto": 11, "nota_recebida": null, "comentario_docente": ""}}, {"model": "portfolio.detalhesextras", "pk": 12, "fields": {"projeto": 12, "nota_recebida": null, "comentario_docente": ""}}, {"model": "portfolio.detalhesextras", "pk": 13, "fields": {"projeto": 13, "nota_recebida": null, "comentario_docente": ""}}, {"model": "portfolio.detalhesextras", "pk": 14, "fields": {"projeto": 14, "nota_recebida": null, "comentario_docente": ""}}, {"model": "portfolio.detalhesextras", "pk": 15, "fields": {"projeto": 15, "nota_recebida": null, "comentario_docente": ""}}, {"model": "portfolio.detalhesextras", "pk": 16, "fields": {"projeto": 16, "nota_recebida": null, "comentario_docente": ""}}, {"model": "portfolio.detalhesextras", "pk": 17, "fields": {"projeto": 17, "nota_recebida": null, "comentario_docente": ""}}, {"model": "portfolio.detalhesextras", "pk": 18, "fields": {"projeto": 18, "nota_recebida": null, "comentario_docente": ""}}, {"model": "portfolio.detalhesextras", "pk": 19, "fields": {"projeto": 19, "nota_recebida": null, "comentario_docente": ""}}, {"model": "portfolio.detalhesextras", "pk": 20, "fields": {"projeto": 20, "nota_recebida": null, "comentario_docente": ""}}, {"model": "portfolio.detalhesextras", "pk": 21, "fields": {"projeto": 21, "nota_recebida": null, "comentario_docente": ""}}, {"model": "portfolio.detalhesextras", "pk": 22, "fields": {"projeto": 22, "nota_recebida": null, "comentario_docente": ""}}, {"model": "portfolio.detalhesextras", "pk": 23, "fields": {"projeto": 23, "nota_recebida": null, "comentario_docente": ""}}]